"id","score","remark","criterion_id","startup_id","created_at","updated_at"
"1",1,"","1","1","2024-12-13 19:08:19.115436+08","2024-12-13 19:08:19.115436+08"
"2",1,"","2","1","2024-12-13 19:08:19.115501+08","2024-12-13 19:08:19.115501+08"
"3",1,"","3","1","2024-12-13 19:08:19.115529+08","2024-12-13 19:08:19.115529+08"
"4",1,"","4","1","2024-12-13 19:08:19.115556+08","2024-12-13 19:08:19.115556+08"
"5",1,"","5","1","2024-12-13 19:08:19.115578+08","2024-12-13 19:08:19.115578+08"
"6",1,"","6","1","2024-12-13 19:08:19.115601+08","2024-12-13 19:08:19.115601+08"
"7",1,"","7","1","2024-12-13 19:08:19.115621+08","2024-12-13 19:08:19.115621+08"
"8",1,"","8","1","2024-12-13 19:08:19.115639+08","2024-12-13 19:08:19.115639+08"
"9",1,"","9","1","2024-12-13 19:08:19.115662+08","2024-12-13 19:08:19.115662+08"
"10",1,"","10","1","2024-12-13 19:08:19.115685+08","2024-12-13 19:08:19.115685+08"
"11",1,"","11","1","2024-12-13 19:08:19.115701+08","2024-12-13 19:08:19.115701+08"
"12",1,"","12","1","2024-12-13 19:08:19.115716+08","2024-12-13 19:08:19.115716+08"
"13",1,"","13","1","2024-12-13 19:08:19.11573+08","2024-12-13 19:08:19.11573+08"
"14",1,"","14","1","2024-12-13 19:08:19.115744+08","2024-12-13 19:08:19.115744+08"
"15",1,"","15","1","2024-12-13 19:08:19.115758+08","2024-12-13 19:08:19.115758+08"
"16",1,"","16","1","2024-12-13 19:08:19.115799+08","2024-12-13 19:08:19.115799+08"
"17",1,"","17","1","2024-12-13 19:08:19.115814+08","2024-12-13 19:08:19.115814+08"
"18",1,"","18","1","2024-12-13 19:08:19.115828+08","2024-12-13 19:08:19.115828+08"
"19",1,"","19","1","2024-12-13 19:08:19.115843+08","2024-12-13 19:08:19.115843+08"
"20",1,"","20","1","2024-12-13 19:08:19.115858+08","2024-12-13 19:08:19.115858+08"
"21",1,"","21","1","2024-12-13 19:08:19.115874+08","2024-12-13 19:08:19.115874+08"
"22",1,"","22","1","2024-12-13 19:08:19.115894+08","2024-12-13 19:08:19.115894+08"
"23",1,"","23","1","2024-12-13 19:08:19.115913+08","2024-12-13 19:08:19.115913+08"
"24",1,"","24","1","2024-12-13 19:08:19.11593+08","2024-12-13 19:08:19.11593+08"
"25",1,"","25","1","2024-12-13 19:08:19.115945+08","2024-12-13 19:08:19.115945+08"
"26",1,"","26","1","2024-12-13 19:08:19.115959+08","2024-12-13 19:08:19.115959+08"
"27",1,"","27","1","2024-12-13 19:08:19.115973+08","2024-12-13 19:08:19.115973+08"
"28",1,"","28","1","2024-12-13 19:08:19.115986+08","2024-12-13 19:08:19.115986+08"
"29",1,"","29","1","2024-12-13 19:08:19.116+08","2024-12-13 19:08:19.116+08"
"30",1,"","30","1","2024-12-13 19:08:19.116015+08","2024-12-13 19:08:19.116015+08"
"31",1,"","31","1","2024-12-13 19:08:19.116034+08","2024-12-13 19:08:19.116034+08"
"32",1,"","32","1","2024-12-13 19:08:19.116052+08","2024-12-13 19:08:19.116052+08"
"33",1,"","33","1","2024-12-13 19:08:19.116073+08","2024-12-13 19:08:19.116073+08"
"34",1,"","34","1","2024-12-13 19:08:19.116095+08","2024-12-13 19:08:19.116095+08"
"35",1,"","35","1","2024-12-13 19:08:19.11611+08","2024-12-13 19:08:19.11611+08"
"36",1,"","36","1","2024-12-13 19:08:19.116126+08","2024-12-13 19:08:19.116126+08"
"37",1,"","37","1","2024-12-13 19:08:19.116144+08","2024-12-13 19:08:19.116144+08"
"38",1,"","38","1","2024-12-13 19:08:19.116158+08","2024-12-13 19:08:19.116158+08"
"39",1,"","39","1","2024-12-13 19:08:19.116174+08","2024-12-13 19:08:19.116174+08"
"40",1,"","40","1","2024-12-13 19:08:19.116196+08","2024-12-13 19:08:19.116196+08"
"41",1,"","41","1","2024-12-13 19:08:19.116212+08","2024-12-13 19:08:19.116212+08"
"42",1,"","42","1","2024-12-13 19:08:19.116227+08","2024-12-13 19:08:19.116227+08"
"43",1,"","43","1","2024-12-13 19:08:19.116246+08","2024-12-13 19:08:19.116246+08"
"44",1,"","44","1","2024-12-13 19:08:19.116264+08","2024-12-13 19:08:19.116264+08"
"45",1,"","45","1","2024-12-13 19:08:19.116279+08","2024-12-13 19:08:19.116279+08"
"46",1,"","46","1","2024-12-13 19:08:19.116296+08","2024-12-13 19:08:19.116296+08"
"47",1,"","47","1","2024-12-13 19:08:19.116312+08","2024-12-13 19:08:19.116312+08"
"48",1,"","48","1","2024-12-13 19:08:19.116333+08","2024-12-13 19:08:19.116333+08"
"49",1,"","49","1","2024-12-13 19:08:19.116351+08","2024-12-13 19:08:19.116351+08"
"50",1,"","50","1","2024-12-13 19:08:19.116367+08","2024-12-13 19:08:19.116367+08"
"51",1,"","51","1","2024-12-13 19:08:19.116382+08","2024-12-13 19:08:19.116382+08"
"52",1,"","52","1","2024-12-13 19:08:19.116401+08","2024-12-13 19:08:19.116401+08"
"53",1,"","53","1","2024-12-13 19:08:19.116414+08","2024-12-13 19:08:19.116414+08"
"54",1,"","54","1","2024-12-13 19:08:19.116431+08","2024-12-13 19:08:19.116431+08"
"55",1,"","55","1","2024-12-13 19:08:19.116453+08","2024-12-13 19:08:19.116453+08"
"56",1,"","56","1","2024-12-13 19:08:19.11647+08","2024-12-13 19:08:19.11647+08"
"57",1,"","57","1","2024-12-13 19:08:19.116484+08","2024-12-13 19:08:19.116484+08"
"58",1,"","58","1","2024-12-13 19:08:19.116497+08","2024-12-13 19:08:19.116497+08"
"59",1,"","59","1","2024-12-13 19:08:19.116513+08","2024-12-13 19:08:19.116513+08"
"60",1,"","60","1","2024-12-13 19:08:19.116534+08","2024-12-13 19:08:19.116534+08"
"61",1,"","61","1","2024-12-13 19:08:19.11655+08","2024-12-13 19:08:19.11655+08"
"62",1,"","62","1","2024-12-13 19:08:19.116564+08","2024-12-13 19:08:19.116564+08"
"63",1,"","63","1","2024-12-13 19:08:19.116578+08","2024-12-13 19:08:19.116578+08"
"64",1,"","64","1","2024-12-13 19:08:19.116592+08","2024-12-13 19:08:19.116592+08"
"65",1,"","65","1","2024-12-13 19:08:19.116626+08","2024-12-13 19:08:19.116626+08"
"66",1,"","66","1","2024-12-13 19:08:19.116648+08","2024-12-13 19:08:19.116648+08"
"67",1,"","67","1","2024-12-13 19:08:19.116668+08","2024-12-13 19:08:19.116668+08"
"68",1,"","68","1","2024-12-13 19:08:19.116687+08","2024-12-13 19:08:19.116687+08"
"69",1,"","69","1","2024-12-13 19:08:19.116702+08","2024-12-13 19:08:19.116702+08"
"70",1,"","70","1","2024-12-13 19:08:19.116719+08","2024-12-13 19:08:19.116719+08"
"71",1,"","71","1","2024-12-13 19:08:19.116739+08","2024-12-13 19:08:19.116739+08"
"72",1,"","72","1","2024-12-13 19:08:19.116753+08","2024-12-13 19:08:19.116753+08"
"73",1,"","73","1","2024-12-13 19:08:19.116767+08","2024-12-13 19:08:19.116767+08"
"74",1,"","74","1","2024-12-13 19:08:19.116781+08","2024-12-13 19:08:19.116781+08"
"75",1,"","75","1","2024-12-13 19:08:19.116797+08","2024-12-13 19:08:19.116797+08"
"76",1,"","76","1","2024-12-13 19:08:19.116817+08","2024-12-13 19:08:19.116817+08"
"77",1,"","77","1","2024-12-13 19:08:19.116833+08","2024-12-13 19:08:19.116833+08"
"78",1,"","78","1","2024-12-13 19:08:19.116847+08","2024-12-13 19:08:19.116847+08"
"79",1,"","79","1","2024-12-13 19:08:19.116863+08","2024-12-13 19:08:19.116863+08"
"80",1,"","80","1","2024-12-13 19:08:19.116884+08","2024-12-13 19:08:19.116884+08"
"81",1,"","81","1","2024-12-13 19:08:19.116899+08","2024-12-13 19:08:19.116899+08"
"82",1,"","82","1","2024-12-13 19:08:19.116913+08","2024-12-13 19:08:19.116913+08"
"83",1,"","83","1","2024-12-13 19:08:19.116936+08","2024-12-13 19:08:19.116936+08"
"84",1,"","84","1","2024-12-13 19:08:19.116955+08","2024-12-13 19:08:19.116955+08"
"85",1,"","85","1","2024-12-13 19:08:19.116969+08","2024-12-13 19:08:19.116969+08"
"86",1,"","86","1","2024-12-13 19:08:19.116983+08","2024-12-13 19:08:19.116983+08"
"87",1,"","87","1","2024-12-13 19:08:19.116996+08","2024-12-13 19:08:19.116996+08"
"88",1,"","88","1","2024-12-13 19:08:19.11701+08","2024-12-13 19:08:19.11701+08"
"89",1,"","89","1","2024-12-13 19:08:19.117026+08","2024-12-13 19:08:19.117026+08"
"90",1,"","90","1","2024-12-13 19:08:19.117045+08","2024-12-13 19:08:19.117045+08"
"91",1,"","91","1","2024-12-13 19:08:19.117062+08","2024-12-13 19:08:19.117062+08"
"92",1,"","92","1","2024-12-13 19:08:19.117075+08","2024-12-13 19:08:19.117075+08"
"93",1,"","93","1","2024-12-13 19:08:19.117088+08","2024-12-13 19:08:19.117088+08"
"94",1,"","94","1","2024-12-13 19:08:19.117102+08","2024-12-13 19:08:19.117102+08"
"95",1,"","95","1","2024-12-13 19:08:19.117121+08","2024-12-13 19:08:19.117121+08"
"96",1,"","96","1","2024-12-13 19:08:19.117138+08","2024-12-13 19:08:19.117138+08"
"97",1,"","97","1","2024-12-13 19:08:19.117151+08","2024-12-13 19:08:19.117151+08"
"98",1,"","98","1","2024-12-13 19:08:19.117165+08","2024-12-13 19:08:19.117165+08"
"99",1,"","99","1","2024-12-13 19:08:19.117182+08","2024-12-13 19:08:19.117182+08"
"100",1,"","100","1","2024-12-13 19:08:19.117203+08","2024-12-13 19:08:19.117203+08"
"101",1,"","101","1","2024-12-13 19:08:19.117218+08","2024-12-13 19:08:19.117218+08"
"102",1,"","102","1","2024-12-13 19:08:19.117231+08","2024-12-13 19:08:19.117231+08"
"103",1,"","103","1","2024-12-13 19:08:19.117244+08","2024-12-13 19:08:19.117244+08"
"104",1,"","104","1","2024-12-13 19:08:19.117264+08","2024-12-13 19:08:19.117264+08"
"105",1,"","105","1","2024-12-13 19:08:19.11728+08","2024-12-13 19:08:19.11728+08"
"106",1,"","106","1","2024-12-13 19:08:19.117293+08","2024-12-13 19:08:19.117293+08"
"107",1,"","107","1","2024-12-13 19:08:19.117306+08","2024-12-13 19:08:19.117306+08"
"108",1,"","108","1","2024-12-13 19:08:19.117407+08","2024-12-13 19:08:19.117407+08"
"109",1,"","109","1","2024-12-13 19:08:19.117431+08","2024-12-13 19:08:19.117431+08"
"110",1,"","110","1","2024-12-13 19:08:19.117446+08","2024-12-13 19:08:19.117446+08"
"111",1,"","111","1","2024-12-13 19:08:19.117461+08","2024-12-13 19:08:19.117461+08"
"112",1,"","112","1","2024-12-13 19:08:19.117475+08","2024-12-13 19:08:19.117475+08"
"113",1,"","113","1","2024-12-13 19:08:19.117488+08","2024-12-13 19:08:19.117488+08"
"114",1,"","114","1","2024-12-13 19:08:19.117503+08","2024-12-13 19:08:19.117503+08"
"115",1,"","115","1","2024-12-13 19:08:19.117523+08","2024-12-13 19:08:19.117523+08"
"116",1,"","116","1","2024-12-13 19:08:19.117541+08","2024-12-13 19:08:19.117541+08"
"117",1,"","117","1","2024-12-13 19:08:19.117555+08","2024-12-13 19:08:19.117555+08"
"118",1,"","118","1","2024-12-13 19:08:19.117571+08","2024-12-13 19:08:19.117571+08"
"119",1,"","119","1","2024-12-13 19:08:19.11759+08","2024-12-13 19:08:19.11759+08"
"120",1,"","120","1","2024-12-13 19:08:19.117604+08","2024-12-13 19:08:19.117604+08"
"121",1,"","121","1","2024-12-13 19:08:19.117618+08","2024-12-13 19:08:19.117618+08"
"122",1,"","122","1","2024-12-13 19:08:19.117637+08","2024-12-13 19:08:19.117637+08"
"123",1,"","123","1","2024-12-13 19:08:19.117654+08","2024-12-13 19:08:19.117654+08"
"124",1,"","124","1","2024-12-13 19:08:19.11767+08","2024-12-13 19:08:19.11767+08"
"125",1,"","125","1","2024-12-13 19:08:19.117683+08","2024-12-13 19:08:19.117683+08"
"126",1,"","126","1","2024-12-13 19:08:19.117696+08","2024-12-13 19:08:19.117696+08"
"127",1,"","127","1","2024-12-13 19:08:19.117713+08","2024-12-13 19:08:19.117713+08"
"128",1,"","128","1","2024-12-13 19:08:19.117732+08","2024-12-13 19:08:19.117732+08"
"129",1,"","129","1","2024-12-13 19:08:19.11775+08","2024-12-13 19:08:19.11775+08"
"130",1,"","130","1","2024-12-13 19:08:19.117767+08","2024-12-13 19:08:19.117767+08"
"131",1,"","131","1","2024-12-13 19:08:19.117786+08","2024-12-13 19:08:19.117786+08"
"132",1,"","132","1","2024-12-13 19:08:19.117805+08","2024-12-13 19:08:19.117805+08"
"133",1,"","133","1","2024-12-13 19:08:19.117822+08","2024-12-13 19:08:19.117822+08"
"134",1,"","134","1","2024-12-13 19:08:19.117842+08","2024-12-13 19:08:19.117842+08"
"135",1,"","135","1","2024-12-13 19:08:19.117856+08","2024-12-13 19:08:19.117856+08"
"136",1,"","136","1","2024-12-13 19:08:19.117869+08","2024-12-13 19:08:19.117869+08"
"137",1,"","137","1","2024-12-13 19:08:19.117882+08","2024-12-13 19:08:19.117882+08"
"138",1,"","138","1","2024-12-13 19:08:19.117898+08","2024-12-13 19:08:19.117898+08"
"139",1,"","139","1","2024-12-13 19:08:19.117917+08","2024-12-13 19:08:19.117917+08"
"140",1,"","140","1","2024-12-13 19:08:19.117931+08","2024-12-13 19:08:19.117931+08"
"141",1,"","141","1","2024-12-13 19:08:19.117944+08","2024-12-13 19:08:19.117944+08"
"142",1,"","142","1","2024-12-13 19:08:19.117959+08","2024-12-13 19:08:19.117959+08"
"143",1,"","143","1","2024-12-13 19:08:19.117979+08","2024-12-13 19:08:19.117979+08"
"144",1,"","144","1","2024-12-13 19:08:19.117999+08","2024-12-13 19:08:19.117999+08"
"145",1,"","145","1","2024-12-13 19:08:19.118017+08","2024-12-13 19:08:19.118017+08"
"146",1,"","146","1","2024-12-13 19:08:19.118038+08","2024-12-13 19:08:19.118038+08"
"147",1,"","147","1","2024-12-13 19:08:19.118055+08","2024-12-13 19:08:19.118055+08"
"148",1,"","148","1","2024-12-13 19:08:19.118068+08","2024-12-13 19:08:19.118068+08"
"149",1,"","149","1","2024-12-13 19:08:19.118085+08","2024-12-13 19:08:19.118085+08"
"150",1,"","150","1","2024-12-13 19:08:19.118105+08","2024-12-13 19:08:19.118105+08"
"151",1,"","151","1","2024-12-13 19:08:19.118119+08","2024-12-13 19:08:19.118119+08"
"152",1,"","152","1","2024-12-13 19:08:19.118132+08","2024-12-13 19:08:19.118132+08"
"153",1,"","153","1","2024-12-13 19:08:19.118147+08","2024-12-13 19:08:19.118147+08"
"154",1,"","154","1","2024-12-13 19:08:19.118161+08","2024-12-13 19:08:19.118161+08"
"155",1,"","155","1","2024-12-13 19:08:19.118175+08","2024-12-13 19:08:19.118175+08"
"156",1,"","156","1","2024-12-13 19:08:19.118189+08","2024-12-13 19:08:19.118189+08"
"157",1,"","157","1","2024-12-13 19:08:19.118203+08","2024-12-13 19:08:19.118203+08"
"158",1,"","158","1","2024-12-13 19:08:19.118216+08","2024-12-13 19:08:19.118216+08"
"159",1,"","159","1","2024-12-13 19:08:19.118234+08","2024-12-13 19:08:19.118234+08"
"160",1,"","160","1","2024-12-13 19:08:19.118252+08","2024-12-13 19:08:19.118252+08"
"161",1,"","161","1","2024-12-13 19:08:19.118267+08","2024-12-13 19:08:19.118267+08"
"162",1,"","162","1","2024-12-13 19:08:19.118286+08","2024-12-13 19:08:19.118286+08"
"163",1,"","163","1","2024-12-13 19:08:19.118304+08","2024-12-13 19:08:19.118304+08"
"164",1,"","164","1","2024-12-13 19:08:19.118318+08","2024-12-13 19:08:19.118318+08"
"165",1,"","165","1","2024-12-13 19:08:19.118337+08","2024-12-13 19:08:19.118337+08"
"166",1,"","166","1","2024-12-13 19:08:19.118356+08","2024-12-13 19:08:19.118356+08"
"167",1,"","167","1","2024-12-13 19:08:19.118375+08","2024-12-13 19:08:19.118375+08"
"168",1,"","168","1","2024-12-13 19:08:19.11839+08","2024-12-13 19:08:19.11839+08"
"169",1,"","169","1","2024-12-13 19:08:19.11841+08","2024-12-13 19:08:19.11841+08"
"170",1,"","170","1","2024-12-13 19:08:19.118424+08","2024-12-13 19:08:19.118424+08"
"171",1,"","171","1","2024-12-13 19:08:19.118438+08","2024-12-13 19:08:19.118438+08"
"172",1,"","172","1","2024-12-13 19:08:19.118451+08","2024-12-13 19:08:19.118451+08"
"173",1,"","173","1","2024-12-13 19:08:19.118466+08","2024-12-13 19:08:19.118466+08"
"174",1,"","174","1","2024-12-13 19:08:19.118483+08","2024-12-13 19:08:19.118483+08"
"175",1,"","175","1","2024-12-13 19:08:19.118496+08","2024-12-13 19:08:19.118496+08"
"176",1,"","176","1","2024-12-13 19:08:19.118509+08","2024-12-13 19:08:19.118509+08"
"177",1,"","177","1","2024-12-13 19:08:19.118522+08","2024-12-13 19:08:19.118522+08"
"178",1,"","178","1","2024-12-13 19:08:19.118535+08","2024-12-13 19:08:19.118535+08"
"179",1,"","179","1","2024-12-13 19:08:19.118548+08","2024-12-13 19:08:19.118548+08"
"180",1,"","180","1","2024-12-13 19:08:19.118564+08","2024-12-13 19:08:19.118564+08"
"181",1,"","181","1","2024-12-13 19:08:19.118583+08","2024-12-13 19:08:19.118583+08"
"182",1,"","182","1","2024-12-13 19:08:19.118599+08","2024-12-13 19:08:19.118599+08"
"183",1,"","183","1","2024-12-13 19:08:19.118612+08","2024-12-13 19:08:19.118612+08"
"184",1,"","184","1","2024-12-13 19:08:19.118626+08","2024-12-13 19:08:19.118626+08"
"185",1,"","185","1","2024-12-13 19:08:19.118639+08","2024-12-13 19:08:19.118639+08"
"186",1,"","186","1","2024-12-13 19:08:19.118651+08","2024-12-13 19:08:19.118651+08"
"187",1,"","187","1","2024-12-13 19:08:19.118664+08","2024-12-13 19:08:19.118664+08"
"188",1,"","188","1","2024-12-13 19:08:19.118678+08","2024-12-13 19:08:19.118678+08"
"189",1,"","189","1","2024-12-13 19:08:19.11869+08","2024-12-13 19:08:19.11869+08"
"190",1,"","190","1","2024-12-13 19:08:19.118706+08","2024-12-13 19:08:19.118706+08"
"191",1,"","191","1","2024-12-13 19:08:19.118723+08","2024-12-13 19:08:19.118723+08"
"192",1,"","192","1","2024-12-13 19:08:19.118741+08","2024-12-13 19:08:19.118741+08"
"193",1,"","193","1","2024-12-13 19:08:19.11876+08","2024-12-13 19:08:19.11876+08"
"194",1,"","194","1","2024-12-13 19:08:19.118773+08","2024-12-13 19:08:19.118773+08"
"195",1,"","195","1","2024-12-13 19:08:19.118786+08","2024-12-13 19:08:19.118786+08"
"196",1,"","196","1","2024-12-13 19:08:19.118799+08","2024-12-13 19:08:19.118799+08"
"197",1,"","197","1","2024-12-13 19:08:19.118815+08","2024-12-13 19:08:19.118815+08"
"198",1,"","198","1","2024-12-13 19:08:19.118834+08","2024-12-13 19:08:19.118834+08"
"199",1,"","199","1","2024-12-13 19:08:19.118848+08","2024-12-13 19:08:19.118848+08"
"200",1,"","200","1","2024-12-13 19:08:19.118862+08","2024-12-13 19:08:19.118862+08"
"201",1,"","201","1","2024-12-13 19:08:19.118875+08","2024-12-13 19:08:19.118875+08"
"202",1,"","202","1","2024-12-13 19:08:19.118888+08","2024-12-13 19:08:19.118888+08"
"203",1,"","203","1","2024-12-13 19:08:19.118903+08","2024-12-13 19:08:19.118903+08"
"204",1,"","204","1","2024-12-13 19:08:19.118923+08","2024-12-13 19:08:19.118923+08"
"205",1,"","205","1","2024-12-13 19:08:19.118938+08","2024-12-13 19:08:19.118938+08"
"206",1,"","206","1","2024-12-13 19:08:19.118952+08","2024-12-13 19:08:19.118952+08"
"207",1,"","207","1","2024-12-13 19:08:19.118966+08","2024-12-13 19:08:19.118966+08"
"208",1,"","208","1","2024-12-13 19:08:19.11898+08","2024-12-13 19:08:19.11898+08"
"209",1,"","209","1","2024-12-13 19:08:19.118993+08","2024-12-13 19:08:19.118993+08"
"210",1,"","210","1","2024-12-13 19:08:19.119007+08","2024-12-13 19:08:19.119007+08"
"211",1,"","211","1","2024-12-13 19:08:19.119026+08","2024-12-13 19:08:19.119026+08"
"212",1,"","212","1","2024-12-13 19:08:19.119046+08","2024-12-13 19:08:19.119046+08"
"213",1,"","213","1","2024-12-13 19:08:19.11906+08","2024-12-13 19:08:19.11906+08"
"214",1,"","214","1","2024-12-13 19:08:19.119112+08","2024-12-13 19:08:19.119112+08"
"215",1,"","215","1","2024-12-13 19:08:19.119136+08","2024-12-13 19:08:19.119136+08"
"216",1,"","216","1","2024-12-13 19:08:19.119151+08","2024-12-13 19:08:19.119151+08"
"217",1,"","217","1","2024-12-13 19:08:19.119164+08","2024-12-13 19:08:19.119164+08"
"218",1,"","218","1","2024-12-13 19:08:19.119178+08","2024-12-13 19:08:19.119178+08"
"219",1,"","219","1","2024-12-13 19:08:19.119195+08","2024-12-13 19:08:19.119195+08"
"220",1,"","220","1","2024-12-13 19:08:19.119215+08","2024-12-13 19:08:19.119215+08"
"221",1,"","221","1","2024-12-13 19:08:19.119229+08","2024-12-13 19:08:19.119229+08"
"222",1,"","222","1","2024-12-13 19:08:19.119245+08","2024-12-13 19:08:19.119245+08"
"223",1,"","223","1","2024-12-13 19:08:19.11926+08","2024-12-13 19:08:19.11926+08"
"224",1,"","224","1","2024-12-13 19:08:19.119273+08","2024-12-13 19:08:19.119273+08"
"225",1,"","225","1","2024-12-13 19:08:19.119289+08","2024-12-13 19:08:19.119289+08"
"226",1,"","226","1","2024-12-13 19:08:19.119309+08","2024-12-13 19:08:19.119309+08"
"227",1,"","227","1","2024-12-13 19:08:19.119324+08","2024-12-13 19:08:19.119324+08"
"228",1,"","228","1","2024-12-13 19:08:19.119338+08","2024-12-13 19:08:19.119338+08"
"229",1,"","229","1","2024-12-13 19:08:19.119352+08","2024-12-13 19:08:19.119352+08"
"230",1,"","230","1","2024-12-13 19:08:19.119366+08","2024-12-13 19:08:19.119366+08"
"231",1,"","231","1","2024-12-13 19:08:19.119383+08","2024-12-13 19:08:19.119383+08"
"232",1,"","232","1","2024-12-13 19:08:19.119404+08","2024-12-13 19:08:19.119404+08"
"233",1,"","233","1","2024-12-13 19:08:19.11942+08","2024-12-13 19:08:19.11942+08"
"234",1,"","234","1","2024-12-13 19:08:19.119437+08","2024-12-13 19:08:19.119437+08"
"235",1,"","235","1","2024-12-13 19:08:19.119454+08","2024-12-13 19:08:19.119454+08"
"236",1,"","236","1","2024-12-13 19:08:19.119468+08","2024-12-13 19:08:19.119468+08"
"237",1,"","237","1","2024-12-13 19:08:19.119506+08","2024-12-13 19:08:19.119506+08"
"238",1,"","238","1","2024-12-13 19:08:19.119522+08","2024-12-13 19:08:19.119522+08"
"239",1,"","239","1","2024-12-13 19:08:19.119535+08","2024-12-13 19:08:19.119535+08"
"240",1,"","240","1","2024-12-13 19:08:19.119551+08","2024-12-13 19:08:19.119551+08"
"241",1,"","241","1","2024-12-13 19:08:19.119571+08","2024-12-13 19:08:19.119571+08"
"242",1,"","242","1","2024-12-13 19:08:19.119587+08","2024-12-13 19:08:19.119587+08"
"243",1,"","243","1","2024-12-13 19:08:19.119601+08","2024-12-13 19:08:19.119601+08"
"244",1,"","244","1","2024-12-13 19:08:19.119615+08","2024-12-13 19:08:19.119615+08"
"245",1,"","245","1","2024-12-13 19:08:19.119634+08","2024-12-13 19:08:19.119634+08"
"246",1,"","246","1","2024-12-13 19:08:19.119653+08","2024-12-13 19:08:19.119653+08"
"247",1,"","247","1","2024-12-13 19:08:19.119671+08","2024-12-13 19:08:19.119671+08"
"248",1,"","248","1","2024-12-13 19:08:19.119689+08","2024-12-13 19:08:19.119689+08"
"249",1,"","249","1","2024-12-13 19:08:19.119702+08","2024-12-13 19:08:19.119702+08"
"250",1,"","250","1","2024-12-13 19:08:19.119716+08","2024-12-13 19:08:19.119716+08"
"251",1,"","251","1","2024-12-13 19:08:19.119735+08","2024-12-13 19:08:19.119735+08"
"252",1,"","252","1","2024-12-13 19:08:19.119753+08","2024-12-13 19:08:19.119753+08"
"253",1,"","253","1","2024-12-13 19:08:19.119782+08","2024-12-13 19:08:19.119782+08"
"254",1,"","254","1","2024-12-13 19:08:19.119804+08","2024-12-13 19:08:19.119804+08"
"255",1,"","255","1","2024-12-13 19:08:19.11982+08","2024-12-13 19:08:19.11982+08"
"256",1,"","256","1","2024-12-13 19:08:19.119837+08","2024-12-13 19:08:19.119837+08"
"257",1,"","257","1","2024-12-13 19:08:19.119858+08","2024-12-13 19:08:19.119858+08"
"258",1,"","258","1","2024-12-13 19:08:19.119876+08","2024-12-13 19:08:19.119876+08"
"259",1,"","259","1","2024-12-13 19:08:19.11989+08","2024-12-13 19:08:19.11989+08"
"260",1,"","260","1","2024-12-13 19:08:19.119909+08","2024-12-13 19:08:19.119909+08"
"261",1,"","261","1","2024-12-13 19:08:19.119928+08","2024-12-13 19:08:19.119928+08"
"262",1,"","262","1","2024-12-13 19:08:19.119946+08","2024-12-13 19:08:19.119946+08"
"263",1,"","263","1","2024-12-13 19:08:19.11996+08","2024-12-13 19:08:19.11996+08"
"264",1,"","264","1","2024-12-13 19:08:19.119974+08","2024-12-13 19:08:19.119974+08"
"265",1,"","265","1","2024-12-13 19:08:19.119987+08","2024-12-13 19:08:19.119987+08"
"266",1,"","266","1","2024-12-13 19:08:19.120003+08","2024-12-13 19:08:19.120003+08"
"267",1,"","267","1","2024-12-13 19:08:19.12002+08","2024-12-13 19:08:19.12002+08"
"268",1,"","268","1","2024-12-13 19:08:19.120043+08","2024-12-13 19:08:19.120043+08"
"269",1,"","269","1","2024-12-13 19:08:19.120059+08","2024-12-13 19:08:19.120059+08"
"270",1,"","270","1","2024-12-13 19:08:19.120072+08","2024-12-13 19:08:19.120072+08"
"271",1,"","271","1","2024-12-13 19:08:19.120086+08","2024-12-13 19:08:19.120086+08"
"272",1,"","272","1","2024-12-13 19:08:19.120099+08","2024-12-13 19:08:19.120099+08"
"273",1,"","273","1","2024-12-13 19:08:19.120119+08","2024-12-13 19:08:19.120119+08"
"274",1,"","274","1","2024-12-13 19:08:19.120138+08","2024-12-13 19:08:19.120138+08"
"275",1,"","275","1","2024-12-13 19:08:19.120153+08","2024-12-13 19:08:19.120153+08"
"276",1,"","276","1","2024-12-13 19:08:19.120167+08","2024-12-13 19:08:19.120167+08"
"277",1,"","277","1","2024-12-13 19:08:19.12018+08","2024-12-13 19:08:19.12018+08"
"278",1,"","278","1","2024-12-13 19:08:19.120199+08","2024-12-13 19:08:19.120199+08"
"279",1,"","279","1","2024-12-13 19:08:19.120221+08","2024-12-13 19:08:19.120221+08"
"280",1,"","280","1","2024-12-13 19:08:19.120239+08","2024-12-13 19:08:19.120239+08"
"281",1,"","281","1","2024-12-13 19:08:19.120256+08","2024-12-13 19:08:19.120256+08"
"282",1,"","282","1","2024-12-13 19:08:19.120278+08","2024-12-13 19:08:19.120278+08"
"283",1,"","283","1","2024-12-13 19:08:19.120299+08","2024-12-13 19:08:19.120299+08"
"284",1,"","284","1","2024-12-13 19:08:19.120319+08","2024-12-13 19:08:19.120319+08"
"285",1,"","285","1","2024-12-13 19:08:19.120338+08","2024-12-13 19:08:19.120338+08"
"286",1,"","286","1","2024-12-13 19:08:19.120352+08","2024-12-13 19:08:19.120352+08"
"287",1,"","287","1","2024-12-13 19:08:19.120366+08","2024-12-13 19:08:19.120366+08"
"288",1,"","288","1","2024-12-13 19:08:19.120379+08","2024-12-13 19:08:19.120379+08"
"289",1,"","289","1","2024-12-13 19:08:19.120393+08","2024-12-13 19:08:19.120393+08"
"290",1,"","290","1","2024-12-13 19:08:19.120406+08","2024-12-13 19:08:19.120406+08"
"291",1,"","291","1","2024-12-13 19:08:19.12042+08","2024-12-13 19:08:19.12042+08"
"292",1,"","292","1","2024-12-13 19:08:19.120433+08","2024-12-13 19:08:19.120433+08"
"293",1,"","293","1","2024-12-13 19:08:19.120447+08","2024-12-13 19:08:19.120447+08"
"294",1,"","294","1","2024-12-13 19:08:19.12046+08","2024-12-13 19:08:19.12046+08"
"295",1,"","295","1","2024-12-13 19:08:19.120475+08","2024-12-13 19:08:19.120475+08"
"296",1,"","296","1","2024-12-13 19:08:19.120489+08","2024-12-13 19:08:19.120489+08"
"297",1,"","297","1","2024-12-13 19:08:19.120502+08","2024-12-13 19:08:19.120502+08"
"298",1,"","298","1","2024-12-13 19:08:19.120515+08","2024-12-13 19:08:19.120515+08"
"299",1,"","299","1","2024-12-13 19:08:19.120545+08","2024-12-13 19:08:19.120545+08"
"300",1,"","300","1","2024-12-13 19:08:19.120571+08","2024-12-13 19:08:19.120571+08"
"301",1,"","301","1","2024-12-13 19:08:19.120592+08","2024-12-13 19:08:19.120592+08"
"302",1,"","302","1","2024-12-13 19:08:19.120625+08","2024-12-13 19:08:19.120625+08"
"303",1,"","303","1","2024-12-13 19:08:19.120642+08","2024-12-13 19:08:19.120642+08"
"304",1,"","304","1","2024-12-13 19:08:19.12066+08","2024-12-13 19:08:19.12066+08"
"305",1,"","305","1","2024-12-13 19:08:19.120681+08","2024-12-13 19:08:19.120681+08"
"306",1,"","306","1","2024-12-13 19:08:19.120698+08","2024-12-13 19:08:19.120698+08"
"307",1,"","307","1","2024-12-13 19:08:19.120711+08","2024-12-13 19:08:19.120711+08"
"308",1,"","308","1","2024-12-13 19:08:19.120724+08","2024-12-13 19:08:19.120724+08"
"309",1,"","309","1","2024-12-13 19:08:19.120738+08","2024-12-13 19:08:19.120738+08"
"310",1,"","310","1","2024-12-13 19:08:19.120755+08","2024-12-13 19:08:19.120755+08"
"311",1,"","311","1","2024-12-13 19:08:19.120773+08","2024-12-13 19:08:19.120773+08"
"312",1,"","312","1","2024-12-13 19:08:19.120786+08","2024-12-13 19:08:19.120786+08"
"313",1,"","313","1","2024-12-13 19:08:19.1208+08","2024-12-13 19:08:19.1208+08"
"314",1,"","314","1","2024-12-13 19:08:19.120813+08","2024-12-13 19:08:19.120813+08"
"315",1,"","315","1","2024-12-13 19:08:19.120828+08","2024-12-13 19:08:19.120828+08"
"316",1,"","316","1","2024-12-13 19:08:19.120842+08","2024-12-13 19:08:19.120842+08"
"317",1,"","317","1","2024-12-13 19:08:19.120856+08","2024-12-13 19:08:19.120856+08"
"318",1,"","318","1","2024-12-13 19:08:19.12087+08","2024-12-13 19:08:19.12087+08"
"319",1,"","319","1","2024-12-13 19:08:19.120888+08","2024-12-13 19:08:19.120888+08"
"320",1,"","320","1","2024-12-13 19:08:19.120902+08","2024-12-13 19:08:19.120902+08"
"321",1,"","321","1","2024-12-13 19:08:19.120915+08","2024-12-13 19:08:19.120915+08"
"322",1,"","322","1","2024-12-13 19:08:19.120929+08","2024-12-13 19:08:19.120929+08"
"323",1,"","323","1","2024-12-13 19:08:19.120942+08","2024-12-13 19:08:19.120942+08"
"324",1,"","324","1","2024-12-13 19:08:19.120955+08","2024-12-13 19:08:19.120955+08"
